Mutation,BFE changes,frequency,counts,rates
T333A,-0.0255,1,0,0
T333I,0.0597,4,0,0
T333K,0.1752,1,0,0
T333P,0.1,0,0,0
T333R,0.1567,0,0,0
T333S,-0.044,0,0,0
N334D,0.0389,0,5,3.85
N334H,-0.0648,2,0,0
N334I,-0.1352,0,0,0
N334K,-0.022,8,0,0
N334S,-0.1006,2,3,2.31
N334T,-0.0739,0,1,0.77
N334Y,0.1108,8,1,0.77
L335F,0.0604,86,0,0
L335M,-0.0061,0,1,0.77
L335S,0.0239,4,3,2.31
L335V,-0.0331,1,2,1.54
L335W,0.1639,0,0,0
C336F,0.0893,0,4,3.08
C336G,-0.0651,0,32,24.62
C336R,-0.0021,0,13,10
C336S,0.0074,0,4,3.08
C336W,0.1328,0,8,6.15
C336Y,0.0355,0,5,3.85
P337A,0.0042,0,4,3.08
P337H,0.0741,2,5,3.85
P337L,0.0374,6,4,3.08
P337R,0.0349,1,3,2.31
P337S,0.1039,18,4,3.08
P337T,0.0129,17,4,3.08
F338C,-0.2345,0,72,55.38
F338I,-0.0399,0,9,6.92
F338L,0.0239,60,5,3.85
F338S,-0.3356,0,47,36.15
F338V,-0.1787,0,16,12.31
F338Y,-0.0443,0,12,9.23
G339A,-0.0112,0,2,1.54
G339C,0.0848,1,2,1.54
G339D,0.1117,60,5,3.85
G339R,0.0539,0,0,0
G339S,0.0559,33,1,0.77
G339V,0.0332,10,2,1.54
E340A,-0.0634,20,5,3.85
E340D,0.0162,16,4,3.08
E340G,-0.0992,3,6,4.62
E340K,-0.0048,8,2,1.54
E340Q,-0.0645,2,4,3.08
E340V,-0.1317,0,5,3.85
V341A,-0.2301,0,4,3.08
V341D,-0.0882,0,26,20
V341F,-0.0357,0,2,1.54
V341G,-0.2378,0,22,16.92
V341I,0.063,35,1,0.77
V341L,0.0135,0,0,0
F342C,-0.2754,0,74,56.92
F342I,-0.1858,4,30,23.08
F342L,-0.2795,1,8,6.15
F342S,-0.4673,0,69,53.08
F342V,-0.1811,0,45,34.62
F342Y,-0.3964,0,22,16.92
N343D,-0.1431,0,6,4.62
N343H,-0.1636,0,3,2.31
N343I,-0.2343,0,4,3.08
N343K,-0.1348,1,3,2.31
N343S,-0.216,0,2,1.54
N343T,-0.1704,0,2,1.54
N343Y,-0.0548,0,1,0.77
A344D,-0.0192,1,4,3.08
A344G,-0.0658,0,4,3.08
A344P,-0.0665,0,18,13.85
A344S,0.1605,161,3,2.31
A344T,0.1201,11,3,2.31
A344V,-0.0402,27,1,0.77
T345A,-0.1848,0,6,4.62
T345I,-0.065,0,3,2.31
T345N,-0.1265,0,5,3.85
T345P,0.0062,0,7,5.38
T345S,-0.0787,2,7,5.38
R346G,-0.0462,20,16,12.31
R346I,0.0763,39,15,11.54
R346K,0.1234,286,6,4.62
R346S,0.0374,290,20,15.38
R346T,0.053,24,17,13.08
F347C,-0.3268,0,21,16.15
F347I,-0.3871,0,5,3.85
F347L,-0.4723,2,4,3.08
F347S,-0.2991,0,18,13.85
F347V,-0.3881,0,4,3.08
F347Y,0.0474,0,9,6.92
A348E,0.5401,1,14,10.77
A348G,0.3897,0,6,4.62
A348P,0.6286,3,1,0.77
A348S,0.4616,187,3,2.31
A348T,0.4633,29,3,2.31
A348V,0.268,10,9,6.92
S349A,-0.1154,1,4,3.08
S349C,0.1635,0,17,13.08
S349F,-0.7341,0,36,27.69
S349P,0.0888,13,57,43.85
S349T,-0.3019,0,3,2.31
S349Y,-0.6869,0,41,31.54
V350A,0.5792,0,97,74.62
V350D,-2.6929,0,88,67.69
V350F,-2.5921,0,121,93.08
V350G,-0.691,0,86,66.15
V350I,1.2105,1,16,12.31
V350L,-0.4409,0,70,53.85
Y351C,0.1551,0,19,14.62
Y351D,-1.398,0,73,56.15
Y351F,0.4216,19,4,3.08
Y351H,0.0699,5,5,3.85
Y351N,0.0802,0,35,26.92
Y351S,0.0155,0,26,20
A352D,0.1946,5,37,28.46
A352G,0.2458,0,13,10
A352P,-2.382,0,83,63.85
A352S,0.2576,166,6,4.62
A352T,0.1544,1,8,6.15
A352V,0.0848,21,4,3.08
W353C,-0.3289,2,41,31.54
W353G,-1.064,0,87,66.92
W353L,-1.3819,1,45,34.62
W353R,-0.7866,1,120,92.31
W353S,-0.2453,0,53,40.77
N354D,0.1248,76,10,7.69
N354H,0.0912,41,0,0
N354I,0.0556,5,6,4.62
N354K,0.1993,158,2,1.54
N354S,0.1455,25,6,4.62
N354T,0.168,2,3,2.31
N354Y,0.1042,1,4,3.08
R355G,-0.938,0,62,47.69
R355K,-0.2987,0,27,20.77
R355M,-0.8848,0,48,36.92
R355S,-0.1686,0,20,15.38
R355T,-0.1103,0,22,16.92
R355W,-0.9873,0,116,89.23
K356E,0.0508,1,7,5.38
K356M,0.017,3,7,5.38
K356N,-0.1484,6,9,6.92
K356Q,-0.0637,0,5,3.85
K356R,0.0412,68,4,3.08
K356T,0.0913,2,7,5.38
R357G,-0.1639,1,9,6.92
R357I,0.0972,2,5,3.85
R357K,0.1393,507,5,3.85
R357S,-0.0085,0,6,4.62
R357T,0.0719,2,5,3.85
I358F,0.1513,1,0,0
I358L,0.1032,1,1,0.77
I358M,0.1272,0,3,2.31
I358N,-0.2061,0,14,10.77
I358S,-0.1925,0,13,10
I358T,-0.212,0,11,8.46
I358V,-0.0968,5,3,2.31
S359C,0.093,1,5,3.85
S359G,0.0796,3,5,3.85
S359I,0.0792,0,4,3.08
S359N,0.0615,46,3,2.31
S359R,0.0658,10,0,0
S359T,0.0243,174,1,0.77
N360D,-0.0294,0,6,4.62
N360H,0.0793,0,1,0.77
N360I,-0.2063,1,1,0.77
N360K,0.0492,1,0,0
N360S,-0.0269,3,3,2.31
N360T,-0.1472,0,2,1.54
N360Y,0.0231,4,1,0.77
C361F,0.1543,1,4,3.08
C361G,0.0125,0,23,17.69
C361R,0.1492,0,15,11.54
C361S,0.0692,18,6,4.62
C361W,0.0795,0,4,3.08
C361Y,0.1078,0,7,5.38
V362A,-0.0591,1,1,0.77
V362D,0.1056,0,5,3.85
V362F,0.1082,74,1,0.77
V362G,0.0767,0,3,2.31
V362I,0.1148,1,1,0.77
V362L,0.0964,1,1,0.77
A363D,-0.0902,1,8,6.15
A363G,0.139,0,7,5.38
A363P,0.1829,0,13,10
A363S,0.0172,3,2,1.54
A363T,0.0776,2,3,2.31
A363V,0.1884,3,3,2.31
D364A,-0.4226,0,4,3.08
D364E,-0.0452,1,3,2.31
D364G,-0.3515,0,6,4.62
D364H,-0.2093,0,2,1.54
D364N,-0.1862,7,0,0
D364V,-0.2157,0,2,1.54
D364Y,-0.0456,1,5,3.85
Y365C,-0.0129,0,33,25.38
Y365D,-0.0724,1,42,32.31
Y365F,0.2734,0,0,0
Y365H,0.0142,2,2,1.54
Y365N,-0.0236,0,6,4.62
Y365S,0.0071,1,12,9.23
S366A,0.0314,0,0,0
S366C,0.0489,0,2,1.54
S366F,0.2242,3,4,3.08
S366P,0.0828,3,30,23.08
S366T,0.0782,0,0,0
S366Y,0.241,0,1,0.77
V367A,-0.0654,76,0,0
V367D,0.1064,0,5,3.85
V367F,0.1764,900,0,0
V367G,-0.0493,2,4,3.08
V367I,0.0317,34,0,0
V367L,0.0465,411,0,0
L368I,0.1205,20,3,2.31
L368P,-0.2121,0,58,44.62
L368Q,-0.1183,0,37,28.46
L368R,-0.2657,0,42,32.31
L368V,-0.0875,0,6,4.62
Y369C,0.0177,3,23,17.69
Y369D,0.0473,0,21,16.15
Y369F,0.0686,7,2,1.54
Y369H,0.0047,8,9,6.92
Y369N,-0.0277,0,15,11.54
Y369S,-0.0452,0,23,17.69
N370D,-0.0252,5,5,3.85
N370H,0.0187,33,1,0.77
N370I,0.0682,0,4,3.08
N370K,0.0961,44,2,1.54
N370S,-0.0569,52,4,3.08
N370T,-0.0314,0,2,1.54
N370Y,0.2105,0,0,0
S371A,-0.1491,3,2,1.54
S371C,0.0424,0,2,1.54
S371F,0.1989,6,0,0
S371P,0.0872,10,19,14.62
S371T,0.0802,30,2,1.54
S371Y,0.2516,1,0,0
A372E,-0.0188,1,1,0.77
A372G,0.0016,1,7,5.38
A372P,0.1384,6,16,12.31
A372S,-0.0705,3,1,0.77
A372T,-0.0597,8,0,0
A372V,-0.0479,51,1,0.77
S373A,-0.1697,11,1,0.77
S373L,0.022,97,0,0
S373P,0.0835,49,7,5.38
S373T,0.0047,0,0,0
F374C,-0.071,0,20,15.38
F374I,-0.0665,0,7,5.38
F374L,-0.1762,6,7,5.38
F374S,-0.1321,0,17,13.08
F374V,-0.1662,0,5,3.85
F374Y,-0.0356,1,8,6.15
S375A,-0.024,0,5,3.85
S375C,0.0895,0,5,3.85
S375F,0.0609,9,1,0.77
S375P,0.0206,1,12,9.23
S375T,0.0392,15,5,3.85
S375Y,0.0786,0,3,2.31
T376A,-0.0016,0,10,7.69
T376I,0.1338,82,7,5.38
T376N,0.064,5,11,8.46
T376P,-0.1764,0,65,50
T376S,-0.0269,4,9,6.92
F377C,-0.0723,0,52,40
F377I,0.0396,0,21,16.15
F377L,-0.0171,1,20,15.38
F377S,-0.2509,0,34,26.15
F377V,0.0523,0,24,18.46
F377Y,-0.0294,0,19,14.62
K378E,0.1282,2,21,16.15
K378M,0.1851,1,21,16.15
K378N,0.0573,48,25,19.23
K378Q,0.0792,1,19,14.62
K378R,0.0881,3,19,14.62
K378T,0.0979,0,21,16.15
C379F,0.2834,0,23,17.69
C379G,-2.7246,0,85,65.38
C379R,-2.3877,0,74,56.92
C379S,-0.3001,0,72,55.38
C379W,0.3658,0,26,20
C379Y,0.0553,0,26,20
Y380C,-0.2892,0,46,35.38
Y380D,-1.4319,0,70,53.85
Y380F,0.0921,5,3,2.31
Y380H,-0.1581,0,8,6.15
Y380N,-0.5322,0,34,26.15
Y380S,-0.2586,0,34,26.15
G381A,0.0318,0,8,6.15
G381E,-0.0721,1,11,8.46
G381R,0.107,9,11,8.46
G381V,0.0134,0,15,11.54
V382A,-0.1325,1,11,8.46
V382E,-0.0501,0,13,10
V382G,-0.0873,0,26,20
V382L,0.0355,366,2,1.54
V382M,0.0153,2,2,1.54
S383A,-0.014,3,5,3.85
S383C,0.1756,0,9,6.92
S383F,0.1835,1,10,7.69
S383P,0.1276,0,18,13.85
S383T,0.1015,0,7,5.38
S383Y,0.1874,0,8,6.15
P384A,0.0977,0,15,11.54
P384H,0.2082,2,22,16.92
P384L,0.2681,753,18,13.85
P384R,0.1463,0,18,13.85
P384S,0.1151,375,27,20.77
P384T,0.1514,3,19,14.62
T385A,-0.0934,2,5,3.85
T385I,0.0314,222,2,1.54
T385N,0.0049,238,6,4.62
T385P,0.108,0,14,10.77
T385S,-0.0532,1,4,3.08
K386E,0.0979,0,13,10
K386I,0.0229,0,12,9.23
K386N,0.0069,0,14,10.77
K386Q,0.0147,0,11,8.46
K386R,0.0335,0,5,3.85
K386T,0.0116,0,11,8.46
L387F,0.0072,0,5,3.85
L387I,-0.0453,0,4,3.08
L387S,-0.0662,0,30,23.08
L387V,-0.1247,0,7,5.38
N388D,0.2499,7,4,3.08
N388H,0.1176,0,0,0
N388I,0.0218,0,0,0
N388K,0.1105,0,2,1.54
N388S,0.0564,1,1,0.77
N388T,0.0532,0,1,0.77
N388Y,0.176,0,0,0
D389A,-0.0759,0,1,0.77
D389E,0.0607,14,0,0
D389G,0.0417,3,1,0.77
D389H,0.0468,0,0,0
D389N,-0.0155,4,0,0
D389V,-0.0063,0,1,0.77
D389Y,0.2515,0,0,0
L390F,0.0442,29,0,0
L390H,-0.0072,0,1,0.77
L390I,0.0032,1,2,1.54
L390P,0.0393,0,16,12.31
L390R,-0.0088,0,0,0
L390V,-0.0508,0,4,3.08
C391F,0.1886,0,5,3.85
C391G,0.091,0,13,10
C391R,0.1241,0,4,3.08
C391S,0.0686,0,4,3.08
C391W,0.1449,0,3,2.31
C391Y,0.1457,0,6,4.62
F392C,0.0484,0,15,11.54
F392I,0.0433,0,6,4.62
F392L,0.0054,0,4,3.08
F392S,0.0039,1,15,11.54
F392V,0.0044,2,6,4.62
F392Y,0.0481,0,3,2.31
T393A,-0.0705,1,2,1.54
T393I,0.1156,5,3,2.31
T393N,0.0451,0,2,1.54
T393P,0.153,1,7,5.38
T393S,0.0199,0,1,0.77
N394D,0.0444,16,6,4.62
N394H,0.1454,0,2,1.54
N394I,0.0976,0,3,2.31
N394K,0.1222,1,3,2.31
N394S,0.053,19,2,1.54
N394T,0.0359,3,3,2.31
N394Y,0.1639,7,6,4.62
V395A,0.0019,1,2,1.54
V395D,-1.8151,0,73,56.15
V395F,0.1113,2,5,3.85
V395G,0.1808,0,29,22.31
V395I,0.0573,9,0,0
V395L,0.1254,3,0,0
Y396C,0.2128,0,6,4.62
Y396D,0.1721,0,9,6.92
A397E,-0.6489,0,73,56.15
Y396F,0.0683,5,3,2.31
Y396H,-0.0333,1,2,1.54
Y396N,0.0516,0,5,3.85
Y396S,0.032,0,5,3.85
A397G,-0.1185,0,28,21.54
A397P,-2.137,0,80,61.54
A397S,0.0483,2,9,6.92
A397T,0.0594,0,6,4.62
A397V,0.0993,1,2,1.54
D398A,-2.4334,0,59,45.38
D398E,-0.3945,0,38,29.23
D398G,-3.0559,0,85,65.38
D398H,0.3877,0,27,20.77
D398N,-1.5761,0,73,56.15
D398V,-0.2338,0,82,63.08
D398Y,0.0543,0,40,30.77
S399A,0.1296,0,3,2.31
S399L,-0.052,0,4,3.08
S399P,-2.0391,0,81,62.31
S399T,0.1462,0,2,1.54
F400C,-2.3813,0,127,97.69
F400I,-2.5435,0,121,93.08
F400L,-0.4059,0,49,37.69
F400S,-2.7247,0,89,68.46
F400V,-2.5774,0,88,67.69
F400Y,0.6711,0,46,35.38
V401A,0.2607,0,26,20
V401E,-2.8145,0,87,66.92
V401G,-2.9799,0,85,65.38
V401I,0.2891,5,62,47.69
V401L,0.7544,12,41,31.54
I402F,-2.8545,0,122,93.85
I402L,0.1501,6,37,28.46
I402M,-0.0538,0,51,39.23
I402N,-2.6807,0,89,68.46
I402S,-0.6409,0,87,66.92
I402T,0.7805,0,81,62.31
I402V,0.4131,39,23,17.69
R403G,-0.8237,1,72,55.38
R403I,-0.6344,0,71,54.62
R403K,0.1778,162,42,32.31
R403S,-0.3648,1,76,58.46
R403T,-0.1772,0,59,45.38
G404A,-0.1138,0,15,11.54
G404C,-0.2079,7,40,30.77
G404D,-0.8148,0,55,42.31
G404R,-0.39,0,33,25.38
G404S,-0.0999,1,16,12.31
G404V,-0.961,0,59,45.38
D405A,0.2097,0,7,5.38
D405E,0.2476,7,11,8.46
D405G,0.4687,9,20,15.38
D405H,0.1833,5,9,6.92
D405N,0.2673,5,6,4.62
D405V,0.0193,1,9,6.92
D405Y,0.1231,18,6,4.62
E406A,0.6043,0,30,23.08
E406D,0.3114,10,13,10
E406G,0.4908,0,80,61.54
E406K,-0.1044,1,33,25.38
E406Q,0.1717,95,17,13.08
E406V,0.5073,0,30,23.08
V407A,-0.048,1,36,27.69
V407D,-2.5382,0,85,65.38
V407F,-0.0851,0,16,12.31
V407G,-0.9945,0,85,65.38
V407I,0.2353,25,18,13.85
V407L,0.1467,0,10,7.69
R408G,-0.0141,30,57,43.85
R408I,0.1949,90,25,19.23
R408K,0.0491,76,14,10.77
R408S,0.101,4,42,32.31
R408T,-0.0571,6,48,36.92
Q409E,0.1641,0,38,29.23
Q409H,0.096,0,19,14.62
Q409K,0.3953,1,26,20
Q409L,0.1189,1,61,46.92
Q409P,-3.0939,0,83,63.85
Q409R,0.1848,0,36,27.69
I410F,-1.4742,0,61,46.92
I410L,0.9071,0,17,13.08
I410M,0.4619,0,41,31.54
I410N,-2.8721,0,128,98.46
I410S,-3.2485,0,88,67.69
I410T,-2.8866,0,82,63.08
I410V,0.7105,76,27,20.77
A411D,0.4007,0,37,28.46
A411G,1.0159,0,30,23.08
A411P,-2.3752,1,86,66.15
A411S,0.5023,93,11,8.46
A411T,0.2709,3,13,10
A411V,0.444,2,12,9.23
P412A,-0.2239,0,14,10.77
P412L,-0.199,0,6,4.62
P412Q,-0.4334,1,14,10.77
P412R,-0.5625,0,16,12.31
P412S,-0.3775,0,18,13.85
P412T,-0.1494,0,15,11.54
G413A,0.0447,3,2,1.54
G413E,-0.0541,9,18,13.85
G413R,0.1567,26,5,3.85
G413V,0.1373,5,5,3.85
G413W,0.1582,12,15,11.54
Q414E,0.0085,7,18,13.85
Q414H,-0.0681,0,2,1.54
Q414K,0.1234,402,3,2.31
Q414L,-0.0593,1,7,5.38
Q414P,-0.138,1,39,30
Q414R,0.0708,218,7,5.38
T415A,-0.0142,12,0,0
T415I,0.0064,1,4,3.08
T415N,0.0374,22,1,0.77
T415P,0.0471,0,7,5.38
T415S,0.1324,9,5,3.85
G416A,-0.3102,0,54,41.54
G416E,-1.2292,0,75,57.69
G416R,-1.9903,0,67,51.54
G416V,-2.7848,0,117,90
K417E,0.0115,1,43,33.08
K417M,0,2,33,25.38
K417N,0.1661,3981,53,40.77
K417Q,-0.1887,0,36,27.69
K417R,0.0105,18,35,26.92
K417T,0.0116,8481,37,28.46
I418F,-1.1023,0,32,24.62
I418L,0.5581,0,16,12.31
I418M,0.4306,0,37,28.46
I418N,-2.7394,0,128,98.46
I418S,-1.7213,0,82,63.08
I418T,0.5774,0,72,55.38
I418V,0.4258,4,36,27.69
A419D,-1.5872,0,70,53.85
A419G,0.3797,0,29,22.31
A419P,0.6407,0,78,60
A419S,0.4147,53,4,3.08
A419T,0.2388,1,11,8.46
A419V,0.5806,1,19,14.62
D420A,0.4484,3,16,12.31
D420E,0.2599,0,35,26.92
D420G,0.4079,1,44,33.85
D420H,0.508,0,12,9.23
D420N,-0.0119,9,6,4.62
D420V,0.9813,0,9,6.92
D420Y,0.5024,4,21,16.15
Y421C,0.1011,0,52,40
Y421D,-1.2569,0,124,95.38
Y421F,0.9395,1,12,9.23
Y421H,0.2031,0,32,24.62
Y421N,0.125,0,51,39.23
Y421S,0.1445,0,68,52.31
N422D,-0.8831,0,87,66.92
N422H,-2.2579,0,81,62.31
N422I,-2.661,0,88,67.69
N422K,-2.3917,0,123,94.62
N422S,0.8947,0,96,73.85
N422T,-2.2863,0,74,56.92
N422Y,-2.5418,0,87,66.92
Y423C,-2.1859,0,89,68.46
Y423D,-2.5473,0,89,68.46
Y423F,0.1109,0,3,2.31
Y423H,-2.0599,0,84,64.62
Y423N,-2.5238,0,89,68.46
Y423S,-2.3326,0,89,68.46
K424E,-0.8537,0,49,37.69
K424I,-0.5676,0,54,41.54
K424N,0.0888,1,57,43.85
K424Q,-0.0576,0,49,37.69
K424R,0.0462,0,31,23.85
K424T,-2.1887,0,56,43.08
L425F,-0.3228,0,15,11.54
L425I,0.566,0,6,4.62
L425S,-2.0281,0,81,62.31
L425V,0.1721,4,19,14.62
P426A,0.1105,0,7,5.38
P426L,-0.2921,0,53,40.77
P426Q,0.0069,0,10,7.69
P426R,0.0325,0,12,9.23
P426S,0.1212,10,6,4.62
P426T,0.0895,1,4,3.08
D427A,-0.0844,6,1,0.77
D427E,-0.0692,4,1,0.77
D427G,-0.0433,25,4,3.08
D427H,-0.0375,14,1,0.77
D427N,-0.1133,581,1,0.77
D427V,0.1294,9,1,0.77
D427Y,0.1732,40,2,1.54
D428A,-0.0473,0,5,3.85
D428E,-0.0401,5,3,2.31
D428G,-0.043,15,6,4.62
D428H,-0.0058,1,1,0.77
D428N,-0.0626,0,0,0
D428V,0.1068,0,2,1.54
D428Y,0.2025,2,2,1.54
F429C,-1.5414,0,76,58.46
F429I,-0.1798,0,20,15.38
F429L,-0.1489,0,12,9.23
F429S,-2.4132,0,72,55.38
F429V,-0.2023,0,23,17.69
F429Y,0.2077,0,6,4.62
T430A,-0.0444,2,2,1.54
T430I,0.0684,41,4,3.08
T430K,0.086,0,4,3.08
T430P,-0.874,0,19,14.62
T430R,0.0551,0,3,2.31
T430S,0.1005,0,4,3.08
G431A,-2.3452,0,40,30.77
G431C,-1.0994,0,42,32.31
G431D,-2.3729,0,88,67.69
G431R,-2.6255,0,87,66.92
G431S,-2.1627,0,85,65.38
G431V,-2.3621,0,124,95.38
C432F,-0.0765,0,14,10.77
C432G,-2.7148,0,126,96.92
C432R,-2.3074,0,73,56.15
C432S,-2.2477,0,79,60.77
C432W,-0.2123,0,37,28.46
C432Y,-0.7716,0,70,53.85
V433A,-0.3556,0,53,40.77
V433D,-2.5304,0,88,67.69
V433F,-2.2566,1,92,70.77
V433G,-2.6637,0,86,66.15
V433I,0.1571,15,18,13.85
V433L,-0.4384,0,16,12.31
I434K,-0.9279,1,114,87.69
I434L,0.1508,3,2,1.54
I434M,0.1832,3,7,5.38
I434R,-2.4305,0,80,61.54
I434T,0.337,4,28,21.54
I434V,0.1286,53,7,5.38
A435D,-1.787,0,78,60
A435G,0.2262,0,39,30
A435P,-2.4472,0,120,92.31
A435S,0.139,22,8,6.15
A435T,0.1933,4,7,5.38
A435V,-0.0287,0,2,1.54
W436C,-0.1338,1,13,10
W436G,-0.1882,0,48,36.92
W436L,-0.2617,1,16,12.31
W436R,-0.2735,0,17,13.08
W436S,-0.1648,0,13,10
N437D,-0.5278,0,30,23.08
N437H,-0.9484,0,10,7.69
N437I,-1.2066,0,38,29.23
N437K,-0.0056,0,23,17.69
N437S,0.0417,1,15,11.54
N437T,-0.451,0,16,12.31
N437Y,-1.8301,0,16,12.31
S438A,0.0295,6,0,0
S438C,-0.0777,0,13,10
S438F,-1.1859,2,93,71.54
S438P,-2.4167,0,63,48.46
S438T,0.0026,2,0,0
S438Y,-1.0407,1,42,32.31
N439D,-0.426,0,30,23.08
N439H,-0.2292,0,3,2.31
N439I,0.2157,4,12,9.23
N439K,0.1792,11887,11,8.46
N439S,-0.4971,1,8,6.15
N439T,-0.5441,1,10,7.69
N439Y,-0.6417,0,9,6.92
N440D,0.3198,5,6,4.62
N440H,0.3259,2,1,0.77
N440I,0.3675,6,3,2.31
N440K,0.6161,892,0,0
N440S,0.1499,122,2,1.54
N440T,0.2791,11,3,2.31
N440Y,0.1842,19,4,3.08
L441F,0.0632,10,1,0.77
L441H,0.019,2,1,0.77
L441I,-0.0239,15,2,1.54
L441P,0.1585,0,37,28.46
L441R,-0.0288,23,8,6.15
L441V,0.0545,4,2,1.54
D442A,-1.5984,0,41,31.54
D442E,-0.4202,2,45,34.62
D442G,-2.5863,0,86,66.15
D442H,-0.9957,0,105,80.77
D442N,-1.4486,0,14,10.77
D442V,-0.3597,10,25,19.23
D442Y,-1.1123,9,50,38.46
S443A,0.3417,8,3,2.31
S443C,-0.6079,4,34,26.15
S443F,-0.924,9,66,50.77
S443P,-0.9665,0,83,63.85
S443T,-0.2496,1,3,2.31
S443Y,-0.8372,4,50,38.46
K444E,0.333,0,17,13.08
K444M,0.4243,13,12,9.23
K444N,0.1024,74,17,13.08
K444Q,0.1935,0,10,7.69
K444R,0.2006,62,10,7.69
K444T,0.5999,0,13,10
V445A,0.0961,39,8,6.15
V445D,-0.0686,1,13,10
V445F,0.253,17,3,2.31
V445G,-0.2554,2,20,15.38
V445I,0.3273,22,0,0
V445L,0.1072,1,5,3.85
G446A,-0.0672,2,7,5.38
G446C,-0.0398,0,5,3.85
G446D,0.0401,7,15,11.54
G446R,0.3295,2,7,5.38
G446S,0.0046,25,5,3.85
G446V,0.1583,182,9,6.92
G447A,-0.5726,0,10,7.69
G447C,-0.8992,2,45,34.62
G447D,-0.8386,3,38,29.23
G447R,-0.6553,1,23,17.69
G447S,-0.637,12,10,7.69
G447V,-0.5607,8,17,13.08
N448D,0.4244,3,37,28.46
N448H,-0.2941,0,17,13.08
N448I,-0.2899,0,45,34.62
N448K,-0.3576,2,22,16.92
N448S,-0.5125,21,12,9.23
N448T,-0.0081,2,10,7.69
N448Y,0.1252,2,29,22.31
Y449C,-1.0458,2,56,43.08
Y449D,-1.0226,15,91,70
Y449F,-0.3866,5,13,10
Y449H,-0.4881,58,21,16.15
Y449N,-0.542,2,40,30.77
Y449S,-0.8112,38,85,65.38
N450D,0.2105,9,18,13.85
N450H,0.2478,0,1,0.77
N450I,0.4476,1,5,3.85
N450K,0.3535,379,10,7.69
N450S,0.0456,2,10,7.69
N450T,-0.559,0,8,6.15
N450Y,0.3405,1,6,4.62
Y451C,0.0109,1,60,46.15
Y451D,-1.7527,0,88,67.69
Y451F,0.4131,0,3,2.31
Y451H,0.1492,13,12,9.23
Y451N,0.1663,0,74,56.92
Y451S,-0.2783,0,64,49.23
L452M,0.5966,382,7,5.38
L452P,-0.3427,1,68,52.31
L452Q,0.9802,3,27,20.77
L452R,0.5752,25430,39,30
L452V,0.3268,3,16,12.31
Y453C,0.6284,0,68,52.31
Y453D,-2.8329,0,87,66.92
Y453F,0.5225,232,4,3.08
Y453H,0.3624,1,10,7.69
Y453N,-0.0101,0,67,51.54
Y453S,0.7893,0,67,51.54
R454G,-2.9796,1,81,62.31
R454I,-2.7052,0,81,62.31
R454K,0.9525,2,30,23.08
R454S,-2.2403,0,77,59.23
R454T,-2.5976,0,77,59.23
L455F,-0.0415,304,20,15.38
L455M,0.8557,1,6,4.62
L455S,-0.21,7,39,30
L455V,-0.2112,0,26,20
L455W,0.11,0,13,10
F456C,-0.5326,0,70,53.85
F456I,-0.8477,0,53,40.77
F456L,-0.0822,14,89,68.46
F456S,-1.7142,0,71,54.62
F456V,-0.3455,1,62,47.69
F456Y,-0.8053,2,35,26.92
R457G,0.7071,0,83,63.85
R457K,0.9654,2,24,18.46
R457M,0.0897,0,60,46.15
R457S,0.3281,2,52,40
R457T,-0.9542,0,51,39.23
R457W,-2.9059,0,84,64.62
K458E,0.2108,2,17,13.08
K458M,0.3098,0,6,4.62
K458N,0.0032,88,8,6.15
K458Q,0.2349,1,6,4.62
K458R,0.0928,1,9,6.92
K458T,0.0811,4,10,7.69
S459A,0.0427,0,0,0
S459C,0.3491,0,4,3.08
S459F,0.4998,40,0,0
S459P,0.0949,3,22,16.92
S459T,0.1176,0,0,0
S459Y,0.5234,49,0,0
N460D,0.03,1,28,21.54
N460H,0.2132,1,0,0
N460I,0.1907,38,13,10
N460K,0.2741,7,1,0.77
N460S,0.1558,16,9,6.92
N460T,0.0007,3,4,3.08
N460Y,0.1683,0,9,6.92
L461F,0.0439,1,3,2.31
L461H,-0.7456,0,70,53.85
L461I,0.3095,4,10,7.69
L461P,-2.4869,1,86,66.15
L461R,-2.5064,0,81,62.31
L461V,0.2114,0,17,13.08
K462E,0.2143,2,7,5.38
K462I,0.2086,5,6,4.62
K462N,0.1021,0,4,3.08
K462Q,0.2145,1,4,3.08
K462R,0.1207,3,3,2.31
K462T,0.3344,8,5,3.85
P463A,0.076,0,5,3.85
P463H,-0.0234,1,2,1.54
P463L,-0.1197,1,4,3.08
P463R,-0.0707,0,5,3.85
P463S,0.1144,59,4,3.08
P463T,0.0172,0,5,3.85
F464C,-0.0065,0,34,26.15
F464I,-0.065,0,17,13.08
F464L,0.0378,5,9,6.92
F464S,-0.0538,1,69,53.08
F464V,-0.1368,0,15,11.54
F464Y,0.0003,0,11,8.46
E465A,0.273,0,3,2.31
E465D,0.4285,9,4,3.08
E465G,0.2747,7,6,4.62
E465K,0.0906,0,5,3.85
E465Q,0.0664,1,4,3.08
E465V,0.84,2,10,7.69
R466G,-0.2012,0,21,16.15
R466I,0.1324,3,5,3.85
R466K,0.1568,6,8,6.15
R466S,-0.0014,0,8,6.15
R466T,0.0617,0,7,5.38
D467A,-0.457,0,23,17.69
D467E,-0.0732,1,16,12.31
D467G,-0.5248,0,36,27.69
D467H,-0.2189,0,16,12.31
D467N,-0.2518,1,30,23.08
D467V,-0.2386,1,15,11.54
D467Y,-0.4749,0,9,6.92
I468F,0.0456,1,0,0
I468L,0.0766,0,3,2.31
I468M,0.0963,1,2,1.54
I468N,0.1147,0,5,3.85
I468S,0.1498,0,7,5.38
I468T,0.0727,26,6,4.62
I468V,0.0409,59,6,4.62
S469A,0.0839,0,1,0.77
S469L,-0.1155,3,2,1.54
S469P,-1.2212,2,82,63.08
S469T,0.1756,1,1,0.77
T470A,-0.0636,14,7,5.38
T470I,0.0208,83,2,1.54
T470N,-0.031,78,10,7.69
T470P,-0.1679,0,20,15.38
T470S,0.0243,1,8,6.15
E471A,0.0777,5,2,1.54
E471D,0.4396,25,2,1.54
E471G,0.045,31,6,4.62
E471K,0.2027,1,7,5.38
E471Q,0.523,128,2,1.54
E471V,0.1949,4,2,1.54
I472F,0.549,0,18,13.85
I472L,-0.0485,4,4,3.08
I472M,0.1933,0,6,4.62
I472N,-0.3218,0,20,15.38
I472S,-0.5591,0,24,18.46
I472T,0.0646,6,18,13.85
I472V,-0.1265,18,3,2.31
Y473C,-1.2423,2,55,42.31
Y473D,-2.1943,1,64,49.23
Y473F,0.5299,4,8,6.15
Y473H,0.0592,3,15,11.54
Y473N,-1.1881,0,47,36.15
Y473S,-1.1044,0,49,37.69
Q474E,0.3659,1,8,6.15
Q474H,0.0799,5,2,1.54
Q474K,0.1404,0,5,3.85
Q474L,-0.0727,0,6,4.62
Q474P,0.4341,0,27,20.77
Q474R,0.0331,4,5,3.85
A475D,-1.2605,0,34,26.15
A475G,0.1737,0,45,34.62
A475P,-0.5698,0,31,23.85
A475S,-0.0732,68,33,25.38
A475T,0.0513,14,20,15.38
A475V,0.3069,185,10,7.69
G476A,-0.0986,24,12,9.23
G476C,-0.9466,1,44,33.85
G476D,-0.1739,3,14,10.77
G476R,-0.4374,0,21,16.15
G476S,0.1566,126,10,7.69
G476V,-1.092,4,45,34.62
S477C,0.1588,0,7,5.38
S477G,-0.0234,58,6,4.62
S477I,-0.0002,286,2,1.54
S477N,0.018,26139,0,0
S477R,0.082,740,0,0
S477T,-0.0539,3,1,0.77
T478A,-0.0788,5,3,2.31
T478I,0.1269,278,2,1.54
T478K,0.9994,14146,2,1.54
T478P,-0.0308,0,11,8.46
T478R,-0.01,90,1,0.77
T478S,-0.055,0,7,5.38
P479A,0.5559,0,2,1.54
P479H,-0.0006,10,1,0.77
P479L,0.2009,44,2,1.54
P479R,-0.0461,0,2,1.54
P479S,0.3844,255,3,2.31
P479T,0.5761,2,2,1.54
C480F,-1.6762,0,35,26.92
C480G,-2.7018,0,83,63.85
C480R,-2.4793,0,102,78.46
C480S,-2.3398,1,67,51.54
C480W,-1.9104,0,47,36.15
C480Y,-1.6703,0,48,36.92
N481D,0.0674,3,2,1.54
N481H,0.0301,1,0,0
N481I,-0.0627,1,2,1.54
N481K,0.1084,86,1,0.77
N481S,0.0862,18,2,1.54
N481T,0.0677,1,2,1.54
N481Y,0.0351,3,1,0.77
G482A,0.119,1,4,3.08
G482C,0.45,0,4,3.08
G482D,0.3401,3,5,3.85
G482R,0.3388,1,3,2.31
G482S,0.2845,4,3,2.31
G482V,0.0707,4,7,5.38
V483A,0.6695,86,17,13.08
V483D,0.8949,0,12,9.23
V483F,0.5428,268,5,3.85
V483G,0.324,0,28,21.54
V483I,0.6702,35,1,0.77
V483L,0.4729,8,3,2.31
E484A,-0.0183,21,42,32.31
E484D,0.1727,18,41,31.54
E484G,0.0398,22,35,26.92
E484K,0.0946,31142,38,29.23
E484Q,0.0057,1062,30,23.08
E484V,-0.3604,1,21,16.15
G485A,0.03,32,11,8.46
G485C,0.0933,0,21,16.15
G485D,0.244,0,24,18.46
G485R,0.0672,12,39,30
G485S,0.1359,11,10,7.69
G485V,-0.057,17,22,16.92
F486C,-0.1473,0,82,63.08
F486I,0.2697,20,43,33.08
F486L,0.1456,142,52,40
F486S,0.5575,7,54,41.54
F486V,0.3537,0,74,56.92
F486Y,-0.0522,1,13,10
N487D,-0.7586,1,53,40.77
N487H,-0.7642,0,33,25.38
N487I,-1.1555,0,41,31.54
N487K,-0.9547,0,48,36.92
N487S,-1.0698,2,30,23.08
N487T,-0.8465,1,31,23.85
N487Y,-1.9717,0,33,25.38
C488F,-2.1905,3,76,58.46
C488G,-2.6214,0,84,64.62
C488R,-1.7761,1,79,60.77
C488S,-1.4551,0,112,86.15
C488W,-2.6861,1,73,56.15
C488Y,-2.3246,0,67,51.54
Y489C,-2.057,0,68,52.31
Y489D,-2.857,0,73,56.15
Y489F,-0.1409,0,26,20
Y489H,-0.1287,13,67,51.54
Y489N,-1.6805,1,65,50
Y489S,-2.4469,0,67,51.54
F490C,0.5074,0,28,21.54
F490I,0.4078,5,39,30
F490L,0.5139,228,33,25.38
F490S,0.4406,1633,51,39.23
F490V,0.6497,23,40,30.77
F490Y,0.4146,20,11,8.46
P491A,0.4637,0,14,10.77
P491H,-1.6829,0,63,48.46
P491L,-2.184,1,75,57.69
P491R,-3.1152,2,104,80
P491S,0.3992,4,10,7.69
P491T,-0.3263,0,9,6.92
L492F,0.7863,0,27,20.77
L492I,0.6538,3,16,12.31
L492S,-2.0329,0,62,47.69
L492V,0.8225,0,17,13.08
Q493E,-0.0346,1,40,30.77
Q493H,0.2385,25,23,17.69
Q493K,0.4321,45,26,20
Q493L,0.2279,34,52,40
Q493P,0.0444,0,118,90.77
Q493R,0.1271,65,30,23.08
S494A,0.1729,6,26,20
S494L,0.0263,27,38,29.23
S494P,0.0902,3075,62,47.69
S494T,0.0738,3,16,12.31
Y495C,-1.4773,1,122,93.85
Y495D,-1.9168,1,85,65.38
Y495F,0.4188,1,18,13.85
Y495H,-0.2106,0,44,33.85
Y495N,-0.5771,1,79,60.77
Y495S,-1.5082,1,81,62.31
G496A,0.0092,0,24,18.46
G496C,-0.5235,0,37,28.46
G496D,-1.1076,2,73,56.15
G496R,-1.3052,5,36,27.69
G496S,0.0187,70,24,18.46
G496V,-0.2149,6,42,32.31
F497C,-2.4545,0,82,63.08
F497I,-2.3234,0,60,46.15
F497L,0.1132,0,62,47.69
F497S,-2.9867,0,83,63.85
F497V,-2.2471,0,78,60
F497Y,0.8793,0,67,51.54
Q498E,-0.3302,0,41,31.54
Q498H,0.2271,8,13,10
Q498K,-2.2222,4,7,5.38
Q498L,-0.8396,0,15,11.54
Q498P,-2.8546,0,76,58.46
Q498R,-0.0969,4,24,18.46
P499A,-0.2916,0,12,9.23
P499H,0.147,14,13,10
P499L,-0.0387,5,7,5.38
P499R,0.044,6,13,10
P499S,-0.0874,16,14,10.77
P499T,0.0494,2,7,5.38
T500A,-0.1877,6,6,4.62
T500I,-1.3079,1,4,3.08
T500N,-0.7391,0,5,3.85
T500P,-0.6046,0,13,10
T500S,-0.1363,3,8,6.15
N501D,-1.693,0,38,29.23
N501H,0.7617,18,13,10
N501I,0.3833,7,29,22.31
N501K,-1.6479,2,20,15.38
N501S,0.1672,16,26,20
N501T,0.4514,1672,17,13.08
N501Y,0.5499,388294,24,18.46
G502A,-1.8825,0,27,20.77
G502C,-1.9885,1,55,42.31
G502D,-3.1242,1,35,26.92
G502R,-3.2607,0,28,21.54
G502S,-1.3865,2,28,21.54
G502V,-3.0008,1,53,40.77
V503A,0.0819,12,7,5.38
V503D,0.365,0,9,6.92
V503F,0.1639,38,3,2.31
V503G,-0.0557,1,23,17.69
V503I,0.1303,102,0,0
V503L,0.4881,2,1,0.77
G504A,0.2433,0,13,10
G504C,-0.131,1,37,28.46
G504D,0.1103,8,43,33.08
G504R,0.2727,2,26,20
G504S,0.0301,12,13,10
G504V,-0.6366,2,22,16.92
Y505C,-2.1547,7,78,60
Y505D,-3.279,0,62,47.69
Y505F,0.1716,2,14,10.77
Y505H,-0.206,32,43,33.08
Y505N,-1.7869,0,52,40
Y505S,-1.9337,0,82,63.08
Q506E,-1.4046,0,72,55.38
Q506H,0.0489,0,30,23.08
Q506K,-0.7802,6,58,44.62
Q506L,-0.4863,1,53,40.77
Q506P,-3.5875,0,114,87.69
Q506R,-0.9634,0,28,21.54
P507A,0.3306,5,26,20
P507L,-3.2345,0,79,60.77
P507Q,-3.2439,0,84,64.62
P507R,-2.4963,0,86,66.15
P507S,-0.1047,6,78,60
P507T,-2.7888,0,77,59.23
Y508C,0.9074,7,32,24.62
Y508D,-2.1519,0,65,50
Y508F,0.3939,0,0,0
Y508H,0.7562,120,5,3.85
Y508N,0.1447,0,47,36.15
Y508S,1.1224,0,37,28.46
R509G,-2.8208,1,85,65.38
R509I,-1.7426,0,87,66.92
R509K,-0.1553,2,51,39.23
R509S,-1.5776,0,81,62.31
R509T,-0.6143,1,82,63.08
V510A,0.2575,1,25,19.23
V510E,-2.7094,1,128,98.46
V510G,-3.1656,0,88,67.69
V510I,0.0914,1,10,7.69
V510L,0.0431,5,8,6.15
V511A,0.2372,0,36,27.69
V511E,-2.2515,0,87,66.92
V511G,-2.8934,0,88,67.69
V511I,0.1187,4,6,4.62
V511L,-0.0553,2,10,7.69
V512A,0.2415,1,35,26.92
V512E,-2.1787,0,86,66.15
V512G,-2.793,0,128,98.46
V512I,0.7336,5,15,11.54
V512L,-2.2618,0,68,52.31
L513F,0.0386,10,0,0
L513H,-1.7095,0,81,62.31
L513I,0.0129,3,5,3.85
L513P,-2.8153,1,127,97.69
L513R,-2.2838,0,84,64.62
L513V,-0.1704,0,23,17.69
S514A,0.0346,0,2,1.54
S514C,0.1385,1,5,3.85
S514F,0.3519,62,2,1.54
S514P,-1.4019,0,79,60.77
S514T,0.1711,1,2,1.54
S514Y,0.2269,2,6,4.62
F515C,-0.161,0,43,33.08
F515I,-0.1602,0,12,9.23
F515L,-0.0985,0,2,1.54
F515S,-0.3222,0,53,40.77
F515V,-0.154,0,13,10
F515Y,-0.0912,0,13,10
E516A,-0.0481,0,5,3.85
E516D,0.1054,0,5,3.85
E516G,0.0533,3,8,6.15
E516K,0.1103,0,2,1.54
E516Q,0.0608,94,1,0.77
E516V,0.0321,0,2,1.54
L517F,0.2432,57,0,0
L517H,0.0767,16,3,2.31
L517I,0.0366,9,0,0
L517P,0.119,2,4,3.08
L517R,0.1407,0,2,1.54
L517V,0.0154,1,0,0
L518I,0.0056,4,4,3.08
L518P,0.0395,9,15,11.54
L518Q,0.0718,2,4,3.08
L518R,0.1421,3,3,2.31
L518V,0.0105,1,4,3.08
H519D,-0.0318,11,5,3.85
H519L,-0.0678,1,3,2.31
H519N,0.0207,1,1,0.77
H519P,0.0647,20,4,3.08
H519Q,-0.0041,36,0,0
H519R,-0.0117,3,0,0
H519Y,0.0233,14,2,1.54
A520E,0.1656,0,3,2.31
A520G,-0.0898,0,7,5.38
A520P,0.1752,13,11,8.46
A520S,0.1495,1619,3,2.31
A520T,0.134,17,1,0.77
A520V,0.0995,90,0,0
P521A,0.0824,2,1,0.77
P521L,0.0877,6,2,1.54
P521Q,0.0908,0,1,0.77
P521R,0.0827,24,0,0
P521S,0.1069,68,2,1.54
P521T,0.0876,6,1,0.77
A522E,0.2085,3,3,2.31
A522G,0.1605,3,5,3.85
A522P,0.0901,163,2,1.54
A522S,0.1283,1147,2,1.54
A522T,0.1168,5,1,0.77
A522V,0.0705,369,1,0.77
T523A,-0.0111,13,0,0
T523I,0.0357,8,2,1.54
T523N,0.0169,6,3,2.31
T523P,0.1013,0,14,10.77
T523S,0.0388,0,1,0.77
V524A,0.0228,1,3,2.31
V524D,0.0403,0,53,40.77
V524F,0.0847,0,0,0.00
V524G,0.2304,0,27,20.77
V524I,0.0486,2,1,0.77
V524L,0.1167,0,1,0.77
C525F,0.2251,0,3,2.31
C525G,0.0273,0,31,23.85
C525R,0.1269,1,5,3.85
C525S,0.0924,0,3,2.31
C525W,0.3368,0,6,4.62
C525Y,0.1534,0,8,6.15
G526A,0.0286,0,2,1.54
G526E,0.0944,0,11,8.46
G526R,0.1668,1,5,3.85
G526V,0.0265,0,7,5.38
