Mutation,BFE changes,counts,rates
T333A,-0.0255,0,0.00
T333K,0.1752,0,0.00
T333I,0.0597,0,0.00
N334H,-0.0648,0,0.00
N334Y,0.1108,1,0.77
N334S,-0.1006,3,2.31
N334K,-0.0220,0,0.00
L335V,-0.0331,2,1.54
L335S,0.0239,3,2.31
L335F,0.0604,0,0.00
P337T,0.0129,4,3.08
P337S,0.1039,4,3.08
P337H,0.0741,5,3.85
P337R,0.0349,3,2.31
P337L,0.0374,4,3.08
F338L,0.0239,5,3.85
G339S,0.0559,1,0.77
G339C,0.0848,2,1.54
G339D,0.1117,5,3.85
G339V,0.0332,2,1.54
E340K,-0.0048,2,1.54
E340Q,-0.0645,4,3.08
E340A,-0.0634,5,3.85
E340G,-0.0992,6,4.62
E340D,0.0162,4,3.08
V341I,0.0630,1,0.77
F342I,-0.1858,30,23.08
F342L,-0.2795,8,6.15
N343K,-0.1348,3,2.31
A344T,0.1201,3,2.31
A344S,0.1605,3,2.31
A344D,-0.0192,4,3.08
A344V,-0.0402,1,0.77
T345S,-0.0787,7,5.38
R346G,-0.0462,16,12.31
R346K,0.1234,6,4.62
R346T,0.0530,17,13.08
R346I,0.0763,15,11.54
R346S,0.0374,20,15.38
F347L,-0.4723,4,3.08
A348T,0.4633,3,2.31
A348P,0.6286,1,0.77
A348S,0.4616,3,2.31
A348E,0.5401,14,10.77
A348V,0.2680,9,6.92
S349P,0.0888,57,43.85
S349A,-0.1154,4,3.08
V350I,1.2105,16,12.31
Y351H,0.0699,5,3.85
Y351F,0.4216,4,3.08
A352T,0.1544,8,6.15
A352S,0.2576,6,4.62
A352D,0.1946,37,28.46
A352V,0.0848,4,3.08
W353R,-0.7866,120,92.31
W353L,-1.3819,45,34.62
W353C,-0.3289,41,31.54
N354H,0.0912,0,0.00
N354D,0.1248,10,7.69
N354Y,0.1042,4,3.08
N354T,0.1680,3,2.31
N354S,0.1455,6,4.62
N354I,0.0556,6,4.62
N354K,0.1993,2,1.54
K356E,0.0508,7,5.38
K356T,0.0913,7,5.38
K356R,0.0412,4,3.08
K356M,0.0170,7,5.38
K356N,-0.1484,9,6.92
R357G,-0.1639,9,6.92
R357K,0.1393,5,3.85
R357T,0.0719,5,3.85
R357I,0.0972,5,3.85
I358L,0.1032,1,0.77
I358V,-0.0968,3,2.31
I358F,0.1513,0,0.00
S359R,0.0658,0,0.00
S359G,0.0796,5,3.85
S359C,0.0930,5,3.85
S359N,0.0615,3,2.31
S359T,0.0243,1,0.77
N360Y,0.0231,1,0.77
N360S,-0.0269,3,2.31
N360I,-0.2063,1,0.77
N360K,0.0492,0,0.00
C361S,0.0692,6,4.62
C361F,0.1543,4,3.08
V362I,0.1148,1,0.77
V362L,0.0964,1,0.77
V362F,0.1082,1,0.77
V362A,-0.0591,1,0.77
A363T,0.0776,3,2.31
A363S,0.0172,2,1.54
A363D,-0.0902,8,6.15
A363V,0.1884,3,2.31
D364N,-0.1862,0,0.00
D364Y,-0.0456,5,3.85
D364E,-0.0452,3,2.31
Y365H,0.0142,2,1.54
Y365D,-0.0724,42,32.31
Y365S,0.0071,12,9.23
S366P,0.0828,30,23.08
S366F,0.2242,4,3.08
V367I,0.0317,0,0.00
V367L,0.0465,0,0.00
V367F,0.1764,0,0.00
V367A,-0.0654,0,0.00
V367G,-0.0493,4,3.08
L368I,0.1205,3,2.31
Y369H,0.0047,9,6.92
Y369C,0.0177,23,17.69
Y369F,0.0686,2,1.54
N370H,0.0187,1,0.77
N370D,-0.0252,5,3.85
N370S,-0.0569,4,3.08
N370K,0.0961,2,1.54
S371T,0.0802,2,1.54
S371P,0.0872,19,14.62
S371A,-0.1491,2,1.54
S371Y,0.2516,0,0.00
S371F,0.1989,0,0.00
A372T,-0.0597,0,0.00
A372P,0.1384,16,12.31
A372S,-0.0705,1,0.77
A372E,-0.0188,1,0.77
A372G,0.0016,7,5.38
A372V,-0.0479,1,0.77
S373P,0.0835,7,5.38
S373A,-0.1697,1,0.77
S373L,0.0220,0,0.00
F374L,-0.1762,7,5.38
F374Y,-0.0356,8,6.15
S375T,0.0392,5,3.85
S375P,0.0206,12,9.23
S375F,0.0609,1,0.77
T376S,-0.0269,9,6.92
T376N,0.0640,11,8.46
T376I,0.1338,7,5.38
F377L,-0.0171,20,15.38
K378Q,0.0792,19,14.62
K378E,0.1282,21,16.15
K378R,0.0881,19,14.62
K378M,0.1851,21,16.15
K378N,0.0573,25,19.23
Y380F,0.0921,3,2.31
G381R,0.1070,11,8.46
G381E,-0.0721,11,8.46
V382M,0.0153,2,1.54
V382L,0.0355,2,1.54
V382A,-0.1325,11,8.46
S383A,-0.0140,5,3.85
S383F,0.1835,10,7.69
P384T,0.1514,19,14.62
P384S,0.1151,27,20.77
P384H,0.2082,22,16.92
P384L,0.2681,18,13.85
T385A,-0.0934,5,3.85
T385S,-0.0532,4,3.08
T385N,0.0049,6,4.62
T385I,0.0314,2,1.54
N388D,0.2499,4,3.08
N388S,0.0564,1,0.77
D389N,-0.0155,0,0.00
D389G,0.0417,1,0.77
D389E,0.0607,0,0.00
L390I,0.0032,2,1.54
L390F,0.0442,0,0.00
F392V,0.0044,6,4.62
F392S,0.0039,15,11.54
T393P,0.1530,7,5.38
T393A,-0.0705,2,1.54
T393I,0.1156,3,2.31
N394D,0.0444,6,4.62
N394Y,0.1639,6,4.62
N394T,0.0359,3,2.31
N394S,0.0530,2,1.54
N394K,0.1222,3,2.31
V395I,0.0573,0,0.00
V395L,0.1254,0,0.00
V395F,0.1113,5,3.85
V395A,0.0019,2,1.54
Y396H,-0.0333,2,1.54
Y396F,0.0683,3,2.31
A397S,0.0483,9,6.92
A397V,0.0993,2,1.54
V401I,0.2891,62,47.69
V401L,0.7544,41,31.54
I402L,0.1501,37,28.46
I402V,0.4131,23,17.69
R403G,-0.8237,72,55.38
R403K,0.1778,42,32.31
R403S,-0.3648,76,58.46
G404S,-0.0999,16,12.31
G404C,-0.2079,40,30.77
D405N,0.2673,6,4.62
D405H,0.1833,9,6.92
D405Y,0.1231,6,4.62
D405G,0.4687,20,15.38
D405V,0.0193,9,6.92
D405E,0.2476,11,8.46
E406K,-0.1044,33,25.38
E406Q,0.1717,17,13.08
E406D,0.3114,13,10.00
V407I,0.2353,18,13.85
V407A,-0.0480,36,27.69
R408G,-0.0141,57,43.85
R408K,0.0491,14,10.77
R408T,-0.0571,48,36.92
R408I,0.1949,25,19.23
R408S,0.1010,42,32.31
Q409K,0.3953,26,20.00
Q409L,0.1189,61,46.92
I410V,0.7105,27,20.77
A411T,0.2709,13,10.00
A411P,-2.3752,86,66.15
A411S,0.5023,11,8.46
A411V,0.4440,12,9.23
P412Q,-0.4334,14,10.77
G413R,0.1567,5,3.85
G413W,0.1582,15,11.54
G413E,-0.0541,18,13.85
G413A,0.0447,2,1.54
G413V,0.1373,5,3.85
Q414K,0.1234,3,2.31
Q414E,0.0085,18,13.85
Q414P,-0.1380,39,30.00
Q414R,0.0708,7,5.38
Q414L,-0.0593,7,5.38
T415A,-0.0142,0,0.00
T415S,0.1324,5,3.85
T415N,0.0374,1,0.77
T415I,0.0064,4,3.08
K417E,0.0115,43,33.08
K417T,0.0116,37,28.46
K417R,0.0105,35,26.92
K417M,0.0000,33,25.38
K417N,0.1661,53,40.77
I418V,0.4258,36,27.69
A419T,0.2388,11,8.46
A419S,0.4147,4,3.08
A419V,0.5806,19,14.62
D420N,-0.0119,6,4.62
D420Y,0.5024,21,16.15
D420A,0.4484,16,12.31
D420G,0.4079,44,33.85
Y421F,0.9395,12,9.23
K424N,0.0888,57,43.85
L425V,0.1721,19,14.62
P426T,0.0895,4,3.08
P426S,0.1212,6,4.62
D427N,-0.1133,1,0.77
D427H,-0.0375,1,0.77
D427Y,0.1732,2,1.54
D427A,-0.0844,1,0.77
D427G,-0.0433,4,3.08
D427V,0.1294,1,0.77
D427E,-0.0692,1,0.77
D428H,-0.0058,1,0.77
D428Y,0.2025,2,1.54
D428G,-0.0430,6,4.62
D428E,-0.0401,3,2.31
T430A,-0.0444,2,1.54
T430I,0.0684,4,3.08
V433I,0.1571,18,13.85
V433F,-2.2566,92,70.77
I434L,0.1508,2,1.54
I434V,0.1286,7,5.38
I434K,-0.9279,114,87.69
I434T,0.3370,28,21.54
I434M,0.1832,7,5.38
A435T,0.1933,7,5.38
A435S,0.1390,8,6.15
W436L,-0.2617,16,12.31
W436C,-0.1338,13,10.00
N437S,0.0417,15,11.54
S438T,0.0026,0,0.00
S438A,0.0295,0,0.00
S438Y,-1.0407,42,32.31
S438F,-1.1859,93,71.54
N439T,-0.5441,10,7.69
N439S,-0.4971,8,6.15
N439I,0.2157,12,9.23
N439K,0.1792,11,8.46
N440H,0.3259,1,0.77
N440D,0.3198,6,4.62
N440Y,0.1842,4,3.08
N440T,0.2791,3,2.31
N440S,0.1499,2,1.54
N440I,0.3675,3,2.31
N440K,0.6161,0,0.00
L441I,-0.0239,2,1.54
L441V,0.0545,2,1.54
L441F,0.0632,1,0.77
L441H,0.0190,1,0.77
L441R,-0.0288,8,6.15
D442Y,-1.1123,50,38.46
D442V,-0.3597,25,19.23
D442E,-0.4202,45,34.62
S443T,-0.2496,3,2.31
S443A,0.3417,3,2.31
S443Y,-0.8372,50,38.46
S443C,-0.6079,34,26.15
S443F,-0.9240,66,50.77
K444R,0.2006,10,7.69
K444M,0.4243,12,9.23
K444N,0.1024,17,13.08
V445I,0.3273,0,0.00
V445L,0.1072,5,3.85
V445F,0.2530,3,2.31
V445D,-0.0686,13,10.00
V445A,0.0961,8,6.15
V445G,-0.2554,20,15.38
G446S,0.0046,5,3.85
G446R,0.3295,7,5.38
G446D,0.0401,15,11.54
G446A,-0.0672,7,5.38
G446V,0.1583,9,6.92
G447S,-0.6370,10,7.69
G447R,-0.6553,23,17.69
G447C,-0.8992,45,34.62
G447D,-0.8386,38,29.23
G447V,-0.5607,17,13.08
N448D,0.4244,37,28.46
N448Y,0.1252,29,22.31
N448T,-0.0081,10,7.69
N448S,-0.5125,12,9.23
N448K,-0.3576,22,16.92
Y449N,-0.5420,40,30.77
Y449H,-0.4881,21,16.15
Y449D,-1.0226,91,70.00
Y449S,-0.8112,85,65.38
Y449C,-1.0458,56,43.08
Y449F,-0.3866,13,10.00
N450D,0.2105,18,13.85
N450Y,0.3405,6,4.62
N450S,0.0456,10,7.69
N450I,0.4476,5,3.85
N450K,0.3535,10,7.69
Y451H,0.1492,12,9.23
Y451C,0.0109,60,46.15
L452M,0.5966,7,5.38
L452V,0.3268,16,12.31
L452P,-0.3427,68,52.31
L452R,0.5752,39,30.00
Y453H,0.3624,10,7.69
Y453F,0.5225,4,3.08
R454G,-2.9796,81,62.31
R454K,0.9525,30,23.08
L455M,0.8557,6,4.62
L455S,-0.2100,39,30.00
L455F,-0.0415,20,15.38
F456L,-0.0822,89,68.46
F456V,-0.3455,62,47.69
F456Y,-0.8053,35,26.92
R457K,0.9654,24,18.46
R457S,0.3281,52,40.00
K458Q,0.2349,6,4.62
K458E,0.2108,17,13.08
K458T,0.0811,10,7.69
K458R,0.0928,9,6.92
K458N,0.0032,8,6.15
S459P,0.0949,22,16.92
S459Y,0.5234,0,0.00
S459F,0.4998,0,0.00
N460H,0.2132,0,0.00
N460D,0.0300,28,21.54
N460T,0.0007,4,3.08
N460S,0.1558,9,6.92
N460I,0.1907,13,10.00
N460K,0.2741,1,0.77
L461I,0.3095,10,7.69
L461F,0.0439,3,2.31
L461P,-2.4869,86,66.15
K462Q,0.2145,4,3.08
K462E,0.2143,7,5.38
K462T,0.3344,5,3.85
K462R,0.1207,3,2.31
K462I,0.2086,6,4.62
P463S,0.1144,4,3.08
P463H,-0.0234,2,1.54
P463L,-0.1197,4,3.08
F464L,0.0378,9,6.92
F464S,-0.0538,69,53.08
E465Q,0.0664,4,3.08
E465G,0.2747,6,4.62
E465V,0.8400,10,7.69
E465D,0.4285,4,3.08
R466K,0.1568,8,6.15
R466I,0.1324,5,3.85
D467N,-0.2518,30,23.08
D467V,-0.2386,15,11.54
D467E,-0.0732,16,12.31
I468V,0.0409,6,4.62
I468F,0.0456,0,0.00
I468T,0.0727,6,4.62
I468M,0.0963,2,1.54
S469T,0.1756,1,0.77
S469P,-1.2212,82,63.08
S469L,-0.1155,2,1.54
T470A,-0.0636,7,5.38
T470S,0.0243,8,6.15
T470N,-0.0310,10,7.69
T470I,0.0208,2,1.54
E471K,0.2027,7,5.38
E471Q,0.5230,2,1.54
E471A,0.0777,2,1.54
E471G,0.0450,6,4.62
E471V,0.1949,2,1.54
E471D,0.4396,2,1.54
I472L,-0.0485,4,3.08
I472V,-0.1265,3,2.31
I472T,0.0646,18,13.85
Y473H,0.0592,15,11.54
Y473D,-2.1943,64,49.23
Y473C,-1.2423,55,42.31
Y473F,0.5299,8,6.15
Q474E,0.3659,8,6.15
Q474R,0.0331,5,3.85
Q474H,0.0799,2,1.54
A475T,0.0513,20,15.38
A475S,-0.0732,33,25.38
A475V,0.3069,10,7.69
G476S,0.1566,10,7.69
G476C,-0.9466,44,33.85
G476D,-0.1739,14,10.77
G476A,-0.0986,12,9.23
G476V,-1.0920,45,34.62
S477G,-0.0234,6,4.62
S477N,0.0180,0,0.00
S477T,-0.0539,1,0.77
S477I,-0.0002,2,1.54
S477R,0.0820,0,0.00
T478A,-0.0788,3,2.31
T478K,0.9994,2,1.54
T478R,-0.0100,1,0.77
T478I,0.1269,2,1.54
P479T,0.5761,2,1.54
P479S,0.3844,3,2.31
P479H,-0.0006,1,0.77
P479L,0.2009,2,1.54
C480S,-2.3398,67,51.54
N481H,0.0301,0,0.00
N481D,0.0674,2,1.54
N481Y,0.0351,1,0.77
N481T,0.0677,2,1.54
N481S,0.0862,2,1.54
N481I,-0.0627,2,1.54
N481K,0.1084,1,0.77
G482S,0.2845,3,2.31
G482R,0.3388,3,2.31
G482D,0.3401,5,3.85
G482A,0.1190,4,3.08
G482V,0.0707,7,5.38
V483I,0.6702,1,0.77
V483L,0.4729,3,2.31
V483F,0.5428,5,3.85
V483A,0.6695,17,13.08
E484K,0.0946,38,29.23
E484Q,0.0057,30,23.08
E484A,-0.0183,42,32.31
E484G,0.0398,35,26.92
E484V,-0.3604,21,16.15
E484D,0.1727,41,31.54
G485S,0.1359,10,7.69
G485R,0.0672,39,30.00
G485A,0.0300,11,8.46
G485V,-0.0570,22,16.92
F486I,0.2697,43,33.08
F486L,0.1456,52,40.00
F486Y,-0.0522,13,10.00
F486S,0.5575,54,41.54
N487D,-0.7586,53,40.77
N487T,-0.8465,31,23.85
N487S,-1.0698,30,23.08
C488R,-1.7761,79,60.77
C488F,-2.1905,76,58.46
C488W,-2.6861,73,56.15
Y489N,-1.6805,65,50.00
Y489H,-0.1287,67,51.54
F490I,0.4078,39,30.00
F490L,0.5139,33,25.38
F490V,0.6497,40,30.77
F490Y,0.4146,11,8.46
F490S,0.4406,51,39.23
P491S,0.3992,10,7.69
P491R,-3.1152,104,80.00
P491L,-2.1840,75,57.69
L492I,0.6538,16,12.31
Q493K,0.4321,26,20.00
Q493E,-0.0346,40,30.77
Q493R,0.1271,30,23.08
Q493L,0.2279,52,40.00
Q493H,0.2385,23,17.69
S494T,0.0738,16,12.31
S494P,0.0902,62,47.69
S494A,0.1729,26,20.00
S494L,0.0263,38,29.23
Y495N,-0.5771,79,60.77
Y495D,-1.9168,85,65.38
Y495S,-1.5082,81,62.31
Y495C,-1.4773,122,93.85
Y495F,0.4188,18,13.85
G496S,0.0187,24,18.46
G496R,-1.3052,36,27.69
G496D,-1.1076,73,56.15
G496V,-0.2149,42,32.31
Q498K,-2.2222,7,5.38
Q498R,-0.0969,24,18.46
Q498H,0.2271,13,10.00
P499T,0.0494,7,5.38
P499S,-0.0874,14,10.77
P499H,0.1470,13,10.00
P499R,0.0440,13,10.00
P499L,-0.0387,7,5.38
T500A,-0.1877,6,4.62
T500S,-0.1363,8,6.15
T500I,-1.3079,4,3.08
N501H,0.7617,13,10.00
N501Y,0.5499,24,18.46
N501T,0.4514,17,13.08
N501S,0.1672,26,20.00
N501I,0.3833,29,22.31
N501K,-1.6479,20,15.38
G502S,-1.3865,28,21.54
G502C,-1.9885,55,42.31
G502D,-3.1242,35,26.92
G502V,-3.0008,53,40.77
V503I,0.1303,0,0.00
V503L,0.4881,1,0.77
V503F,0.1639,3,2.31
V503A,0.0819,7,5.38
V503G,-0.0557,23,17.69
G504S,0.0301,13,10.00
G504R,0.2727,26,20.00
G504C,-0.1310,37,28.46
G504D,0.1103,43,33.08
G504V,-0.6366,22,16.92
Y505H,-0.2060,43,33.08
Y505C,-2.1547,78,60.00
Y505F,0.1716,14,10.77
Q506K,-0.7802,58,44.62
Q506L,-0.4863,53,40.77
P507A,0.3306,26,20.00
P507S,-0.1047,78,60.00
Y508H,0.7562,5,3.85
Y508C,0.9074,32,24.62
R509G,-2.8208,85,65.38
R509K,-0.1553,51,39.23
R509T,-0.6143,82,63.08
V510I,0.0914,10,7.69
V510L,0.0431,8,6.15
V510E,-2.7094,128,98.46
V510A,0.2575,25,19.23
V511I,0.1187,6,4.62
V511L,-0.0553,10,7.69
V512I,0.7336,15,11.54
V512A,0.2415,35,26.92
L513I,0.0129,5,3.85
L513F,0.0386,0,0.00
L513P,-2.8153,127,97.69
S514T,0.1711,2,1.54
S514Y,0.2269,6,4.62
S514C,0.1385,5,3.85
S514F,0.3519,2,1.54
E516Q,0.0608,1,0.77
E516G,0.0533,8,6.15
L517I,0.0366,0,0.00
L517V,0.0154,0,0.00
L517F,0.2432,0,0.00
L517H,0.0767,3,2.31
L517P,0.1190,4,3.08
L518I,0.0056,4,3.08
L518V,0.0105,4,3.08
L518Q,0.0718,4,3.08
L518P,0.0395,15,11.54
L518R,0.1421,3,2.31
H519N,0.0207,1,0.77
H519D,-0.0318,5,3.85
H519Y,0.0233,2,1.54
H519P,0.0647,4,3.08
H519R,-0.0117,0,0.00
H519L,-0.0678,3,2.31
H519Q,-0.0041,0,0.00
A520T,0.1340,1,0.77
A520P,0.1752,11,8.46
A520S,0.1495,3,2.31
A520V,0.0995,0,0.00
P521T,0.0876,1,0.77
P521A,0.0824,1,0.77
P521S,0.1069,2,1.54
P521R,0.0827,0,0.00
P521L,0.0877,2,1.54
A522T,0.1168,1,0.77
A522P,0.0901,2,1.54
A522S,0.1283,2,1.54
A522E,0.2085,3,2.31
A522G,0.1605,5,3.85
A522V,0.0705,1,0.77
T523A,-0.0111,0,0.00
T523N,0.0169,3,2.31
T523I,0.0357,2,1.54
V524I,0.0486,1,0.77
V524F,0.0906,0,0.00
V524A,0.0228,3,2.31
C525R,0.1269,5,3.85
G526R,0.1668,5,3.85
